{"$schema":"http://schema.management.azure.com/schemas/2015-01-01/deploymentTemplate.json#","contentVersion":"1.0.0.0","parameters":{},"variables":{},"resources":[{"name":"Schedule_AQI_Data_Load","type":"pipelines","apiVersion":"2018-06-01","properties":{"activities":[{"name":"Load_AQI","type":"TridentNotebook","dependsOn":[],"policy":{"timeout":"0.12:00:00","retry":0,"retryIntervalInSeconds":30,"secureOutput":false,"secureInput":false},"typeProperties":{"notebookId":"44a8a4e8-9cbc-4f1e-b7c4-fd28f00c26b8","workspaceId":"043c4f4c-0d26-40d7-a2ab-6e394098e10a"}}],"lastModifiedByObjectId":"6adf6741-f629-4b82-851e-c7680ea354d4","lastPublishTime":"2024-11-22T17:47:06Z","extraTridentInfo":"{\"folderObjectId\":\"043c4f4c-0d26-40d7-a2ab-6e394098e10a\",\"capacityObjectId\":\"5605425D-5CB6-4EAD-B0B6-3DDD0CAAEB1B\",\"artifactType\":\"Pipeline\",\"provisionState\":\"Active\",\"lastUpdatedDate\":\"2024-11-22T17:47:06.391Z\",\"createdDate\":\"2024-11-22T17:45:08.078Z\",\"ownerUser\":{\"id\":2346507,\"name\":\"jow iv\",\"objectId\":\"6adf6741-f629-4b82-851e-c7680ea354d4\",\"userPrincipalName\":\"jowiv32108@exoular.com\",\"aadAppId\":null,\"type\":null},\"ownerUserId\":2346507,\"createdByUser\":{\"id\":2346507,\"name\":\"jow iv\",\"objectId\":\"6adf6741-f629-4b82-851e-c7680ea354d4\",\"userPrincipalName\":\"jowiv32108@exoular.com\",\"aadAppId\":null,\"type\":null},\"createdByUserId\":2346507,\"modifiedByUser\":{\"id\":2346507,\"name\":\"jow iv\",\"objectId\":\"6adf6741-f629-4b82-851e-c7680ea354d4\",\"userPrincipalName\":\"jowiv32108@exoular.com\",\"aadAppId\":null,\"type\":null},\"modifiedByUserId\":2346507,\"artifactRelations\":[{\"dependentArtifactObjectId\":\"44a8a4e8-9cbc-4f1e-b7c4-fd28f00c26b8\",\"settings\":0}],\"permissions\":71,\"artifactPermissions\":7,\"systemArtifactType\":\"None\",\"etag\":\"\\\"04b713cd8bed4ac3a6ade4ea4999d12d\\\"\"}"},"dependsOn":[]}]}